<?xml version="1.0" encoding="UTF-8"?>
<!DOCTYPE configuration PUBLIC  
    "-//mybatis.org//DTD Config 3.0//EN"  
    "http://mybatis.org/dtd/mybatis-3-config.dtd">  
<configuration>
    <settings>
        <setting name="cacheEnabled" value="true" /><!-- 全局映射器启用缓存 -->
        <setting name="useGeneratedKeys" value="true" />
        <setting name="defaultExecutorType" value="REUSE" />
        <setting name="logImpl" value="STDOUT_LOGGING" />
    </settings>

    <typeAliases>

        <typeAlias type="com.dww.util.PageData" alias="pd"/>
        <!-- 分页 -->
        <typeAlias type="com.dww.model.Page" alias="Page"/>
    </typeAliases>

    <plugins>
        <plugin interceptor="com.dww.plugin.PagePlugin">
            <property name="dialect" value="mysql"/>
            <property name="pageSqlId" value=".*Page.*"/>
        </plugin>
    </plugins>

</configuration>